model_name,year,biomass,OFL,maxABC,percent_change
Model 20,2022,86802.04,2604.0611999999996,1953.0458999999998,0
Model 22.1.a,2022,74295.95209184721,2228.878562755416,1671.6589220665621,-14.407596766334965
Model 22.1.b,2022,65630.91916638863,1968.9275749916587,1476.695681243744,-24.390118980626912
Model 22.2.a,2022,63241.133528352075,1897.2340058505622,1422.9255043879216,-27.14326353579699
Model 22.2.b,2022,74108.35491492473,2223.250647447742,1667.4379855858062,-14.623717466865143
Model 22.2.c,2022,71584.05570518525,2147.5216711555577,1610.641253366668,-17.531827932632392
Model 22.3,2022,81061.34677360371,2431.840403208111,1823.8803024060835,-6.613546440148505
