model_name,objective_function,n_parameters,aic,delta_aic
Model 22 no 1984/87,35.46252850206599,6,82.9,0
Model 18* no 1984/87,51.60424400846614,4,111.2,28.3
